<?xml version="1.0" encoding="UTF-8"?>
<project-private xmlns="http://www.netbeans.org/ns/project-private/1">
    <editor-bookmarks xmlns="http://www.netbeans.org/ns/editor-bookmarks/2" lastBookmarkId="0"/>
    <open-files xmlns="http://www.netbeans.org/ns/projectui-open-files/2">
        <group>
            <file>file:/C:/Users/ariya/OneDrive/Documents/NetBeansProjects/Pad_Thai/src/pad_thai/Person1.java</file>
            <file>file:/C:/Users/ariya/OneDrive/Documents/NetBeansProjects/Pad_Thai/src/pad_thai/main_game.java</file>
            <file>file:/C:/Users/ariya/OneDrive/Documents/NetBeansProjects/Pad_Thai/src/pad_thai/Level1_Stage.java</file>
            <file>file:/C:/Users/ariya/OneDrive/Documents/NetBeansProjects/Pad_Thai/src/pad_thai/Level2_Stage.java</file>
        </group>
    </open-files>
</project-private>
